[
  {
     "id": "q1",
     "topic": "World History",
     "difficulty": "easy",
     "heading": "Ancient Civilizations",
     "question": "Describe three key achievements of the ancient Egyptians.",
     "key_phrases": ["pyramids", "hieroglyphics", "irrigation", "mummification"]
  },
  {
     "id": "q2",
     "topic": "Biology",
     "difficulty": "medium",
     "heading": "Cell Biology",
     "question": "What are the main differences between prokaryotic and eukaryotic cells?",
     "key_phrases": ["nucleus", "membrane-bound organelles", "size", "ribosomes"]
  }
]
